EID,DB_Event_Name,DB_Date,DB_City,DB_Eventbrite_ID,Matched_EB_ID,Matched_EB_Name,Matched_EB_Date,Matched_EB_City,Match_Score,Confidence,Days_Diff,Verified_Correct
AB2776,AB2776 – Brighton,2024-05-25,Brighton,,873083936557,"Art Battle Brighton - May 25, 2024",2024-05-25,Brighton,200,HIGH,0.0,
AB2784,AB2784 – Bangkok,2024-05-25,Bangkok,,880515715207,"Art Battle Bangkok - May 25, 2024",2024-05-25,Bangkok,198,HIGH,0.3,
AB2770,AB2770 – Philadelphia,2024-05-24,Philadelphia,,866991112757,"Art Battle Philadelphia - May 24 , 2024",2024-05-24,Philadelphia,198,HIGH,0.2,
AB2787,"AB2787 – London, ON",2024-05-23,London,,885033678557,"Art Battle London - 23 May, 2024",2024-05-23,London,198,HIGH,0.2,
AB2791,AB2791 – London,2024-05-23,London,,885033678557,"Art Battle London - 23 May, 2024",2024-05-23,London,200,HIGH,0.0,
AB2746,AB2746 – San Francisco,2024-05-23,San Francisco,,856180748667,"Art Battle San Francisco - May 22 , 2024",2024-05-22,San Francisco,197,HIGH,0.3,
AB2777,AB2777 – Hamilton,2024-05-19,Hamilton,,876731476447,"Art Battle Hamilton - May 18, 2024",2024-05-18,Hamilton,198,HIGH,0.2,
AB2769,AB2769 – Victoria,2024-05-12,Victoria,,868716383087,"Art Battle Victoria - May 11, 2024",2024-05-11,Victoria,197,HIGH,0.3,
AB2773,AB2773 – Seattle,2024-05-12,Seattle,,866973670587,"Art Battle Seattle - May 11, 2024",2024-05-11,Seattle,197,HIGH,0.3,
AB275,AB2752 –Ottawa,2024-05-11,Ottawa,,866935085177,"Art Battle Ottawa - May 10, 2024",2024-05-10,Ottawa,198,HIGH,0.2,
AB2757,AB2757 –Bournemouth,2024-05-05,Bournemouth,,848802610457,"Art Battle Bournemouth - 5 May, 2024",2024-05-05,Bournemouth,200,HIGH,0.0,
AB2766,AB2766 – Bangkok,2024-04-27,Bangkok,,859122116377,"Art Battle Bangkok - April 27, 2024",2024-04-27,Bangkok,198,HIGH,0.3,
AB2704,AB2704 –Toronto,2024-04-25,Toronto,,840862431167,"Art Battle Toronto - April 24, 2024",2024-04-24,Toronto,198,HIGH,0.2,
AB2758,AB2758 –Amsterdam,2024-04-21,Amsterdam,,847515069387,"Art Battle Amsterdam - 21 April, 2024",2024-04-21,Amsterdam,200,HIGH,0.0,
AB2772,AB2772 – Reno,2024-04-20,Reno,,864011811587,"Art Battle Reno - April 19, 2024",2024-04-19,Reno,197,HIGH,0.3,
AB2781,AB2781 – Halifax,2024-04-20,Halifax,,878412865527,"Art Battle Halifax - April 19, 2024",2024-04-19,Halifax,198,HIGH,0.2,
AB2745,AB2745 –Ottawa,2024-04-05,Ottawa,,845276232967,"Art Battle Ottawa - April 4, 2024",2024-04-04,Ottawa,198,HIGH,0.2,
AB2729,AB2729 – Wichita Falls,2024-03-30,Wichita Falls,,807384818727,"Art Battle Wichita Falls - March 30, 2024",2024-03-30,Wichita Falls,198,HIGH,0.2,
AB2715,AB2715 – Chicago,2024-03-30,Chicago,,780890794387,"Art Battle Chicago - March 29, 2024",2024-03-29,Chicago,198,HIGH,0.2,
AB2763,AB2763 –Victoria,2024-03-29,Victoria,,851726646327,"Art Battle Victoria - March 28, 2024",2024-03-28,Victoria,197,HIGH,0.3,
AB2692,AB2692 –Toronto,2024-03-27,Toronto,,840802020477,"Art Battle Toronto - March 26, 2024",2024-03-26,Toronto,198,HIGH,0.2,
AB2759,AB2759 –Brighton,2024-03-23,Brighton,,848621207877,"Art Battle Brighton - March 23, 2024",2024-03-23,Brighton,200,HIGH,0.0,
AB2701,AB2701 – San Francisco,2024-03-21,San Francisco,,784540089527,"Art Battle San Francisco - March 20 , 2024",2024-03-20,San Francisco,197,HIGH,0.3,
AB2693,AB2693 –Quebec City,2024-03-17,Quebec City,,768973028027,"Art Battle Quebec City - 17 Mars, 2024",2024-03-17,Quebec City,198,HIGH,0.2,
AB2686,AB2686 –Omaha,2024-03-16,Omaha,,818962618237,"Art Battle Omaha - March 16, 2024",2024-03-16,Omaha,198,HIGH,0.2,
AB2737,AB2737 –Bangkok,2024-03-16,Bangkok,,820278985527,"Art Battle Bangkok - March 16, 2024",2024-03-16,Bangkok,197,HIGH,0.3,
AB2690,AB2690 –New Orleans,2024-03-15,New Orleans,,815859797617,"Art Battle New Orleans - March 14, 2024",2024-03-14,New Orleans,198,HIGH,0.2,
AB2742,AB2742 –Ottawa,2024-03-09,Ottawa,,836559420747,"Art Battle Ottawa - March 8, 2024",2024-03-08,Ottawa,198,HIGH,0.2,
AB2705,AB2705 –Pawtucket,2024-03-03,Pawtucket,,825722477157,"Art Battle Pawtucket - March 3, 2024",2024-03-03,Pawtucket,198,HIGH,0.2,
AB2734,AB2734 –Reno,2024-03-02,Reno,,815725706547,"Art Battle Reno - March 1, 2024",2024-03-01,Reno,197,HIGH,0.3,
AB2620,AB2620 – Seattle,2024-02-25,Seattle,,764039642137,"Art Battle Seattle - February 24, 2024",2024-02-24,Seattle,197,HIGH,0.3,
AB2685,AB2685 – Quebec City,2024-02-18,Quebec City,,768946288047,"Art Battle Quebec City - 18 Février, 2024",2024-02-18,Quebec City,198,HIGH,0.2,
AB2651,AB2651 – Portland,2024-02-18,Portland,,764222288437,"Art Battle Portland - February 17, 2024",2024-02-17,Portland,197,HIGH,0.3,
AB2718,AB2718 – Victoria,2024-02-18,Victoria,,782237000927,"Art Battle Victoria - February 17, 2024",2024-02-17,Victoria,197,HIGH,0.3,
AB2708,AB2708 – Chicago,2024-02-17,Chicago,,780854295217,"Art Battle Chicago - February 16, 2024",2024-02-16,Chicago,198,HIGH,0.3,
AB2663,AB2663 – San Francisco,2024-02-15,San Francisco,,756312881187,"Art Battle San Francisco - February 14 , 2024",2024-02-14,San Francisco,197,HIGH,0.3,
AB2719,AB2719 – Bangkok,2024-02-10,Bangkok,,815659568727,"Art Battle Bangkok - February 10, 2024",2024-02-10,Bangkok,197,HIGH,0.3,
AB2723,AB2723 – Ottawa,2024-02-10,Ottawa,,789442342297,"Art Battle Ottawa - February 9, 2024",2024-02-09,Ottawa,198,HIGH,0.2,
AB2695,AB2695 – Saint John,2024-02-02,Saint John,,768995545377,"Art Battle Saint John - February 2, 2024",2024-02-02,Saint John,198,HIGH,0.2,
AB2665,AB2665 – Bournemouth,2024-02-01,Bournemouth,,741294079547,"Art Battle Bournemouth - 1 February, 2024",2024-02-01,Bournemouth,200,HIGH,0.0,
AB2622,AB2622 – Portland,2024-01-28,Portland,,764078829347,"Art Battle Portland - January 27, 2024",2024-01-27,Portland,197,HIGH,0.3,
AB2677,AB2677 –Toronto,2024-01-24,Toronto,,771932720547,"Art Battle Toronto - January 23, 2024",2024-01-23,Toronto,198,HIGH,0.2,
AB2679,AB2679 – Quebec City,2024-01-21,Quebec City,,767811102677,"Art Battle Quebec City - 21 Janvier, 2024",2024-01-21,Quebec City,198,HIGH,0.2,
AB2682,AB2682 – Vancouver,2024-01-21,Vancouver,,760554046627,"Art Battle Vancouver - January 20, 2024",2024-01-20,Vancouver,197,HIGH,0.3,
AB2688,AB2688 – Omaha,2024-01-21,Omaha,,765428887407,"Art Battle Omaha - January 20, 2024",2024-01-20,Omaha,198,HIGH,0.3,
AB2588,AB2588 – Phoenix,2024-01-20,Phoenix,,717571384327,"Art Battle Phoenix  - January 19, 2024",2024-01-19,Phoenix,197,HIGH,0.3,
AB2655,AB2655 – Victoria,2024-01-20,Victoria,,770237199197,"Art Battle Victoria - January 19, 2024",2024-01-19,Victoria,197,HIGH,0.3,
AB2643,AB2643 – North Bay,2024-01-19,North Bay,,772378554047,"Art Battle North Bay - January 19, 2024",2024-01-19,North Bay,198,HIGH,0.2,
AB2669,AB2669 – Pittsburgh,2024-01-19,Pittsburgh,,760772339547,"Art Battle Pittsburgh - January 18, 2024",2024-01-18,Pittsburgh,198,HIGH,0.2,
AB2652,AB2652 – San Francisco,2024-01-18,San Francisco,,756285098087,"Art Battle San Francisco - January 17, 2024",2024-01-17,San Francisco,197,HIGH,0.3,
AB2611,AB2611 – Seattle,2024-01-14,Seattle,,764000214207,"Art Battle Seattle - January 13, 2024",2024-01-13,Seattle,197,HIGH,0.3,
AB2680,AB2680 – Ottawa,2024-01-13,Ottawa,,759207428857,"Art Battle Ottawa - January 12, 2024",2024-01-12,Ottawa,198,HIGH,0.2,
AB2673,AB2673 – New Orleans,2024-01-12,New Orleans,,765385969037,"Art Battle New Orleans - January 11, 2024",2024-01-11,New Orleans,198,HIGH,0.3,
AB2648,AB2648 – Auckland,2023-12-21,Auckland,,735852423407,"Art Battle Auckland - December 21, 2023",2023-12-21,Auckland,195,HIGH,0.5,
AB2630,AB2630-Toronto,2023-12-20,Toronto,,715115257987,"Art Battle Toronto - December 19, 2023",2023-12-19,Toronto,198,HIGH,0.2,
AB2634,AB2634 – Quebec City,2023-12-17,Quebec City,,709101460557,"Art Battle Quebec City - 17 Décembre, 2023",2023-12-17,Quebec City,198,HIGH,0.2,
AB2555,AB2555 – North Bay,2023-12-14,North Bay,,734999783137,"Art Battle North Bay - December 14, 2023",2023-12-14,North Bay,198,HIGH,0.2,
AB2596,AB2596 – San Francisco,2023-12-14,San Francisco,,699714834907,"Art Battle San Francisco - December 13, 2023",2023-12-13,San Francisco,197,HIGH,0.3,
AB2672,AB2672 – Halifax,2023-12-10,Halifax,,750206466737,"Art Battle Halifax - December 9, 2023",2023-12-09,Halifax,198,HIGH,0.3,
AB2610,AB2610 – Montreal,2023-12-08,Montréal,,746227696127,"Art Battle Montréal -  7 Decembre, 2023",2023-12-07,Montréal,198,HIGH,0.2,
AB2676,AB2676 – Ottawa,2023-12-07,Ottawa,,759194319647,"Art Battle Ottawa - December 6, 2023",2023-12-06,Ottawa,198,HIGH,0.2,
AB2576,AB2576 – Pawtucket,2023-12-03,Pawtucket,,727633640807,"Art Battle Pawtucket - December 3, 2023",2023-12-03,Pawtucket,198,HIGH,0.2,
AB2558,AB2558 – Sydney,2023-11-27,Sydney,,741050801897,"Art Battle Sydney - November 27, 2023",2023-11-27,Sydney,196,HIGH,0.4,
AB2562,AB2562 – Austin,2023-11-26,Austin,,733024344547,"Art Battle Austin - November 26, 2023",2023-11-26,Austin,198,HIGH,0.3,
AB2590,AB2590 – Seattle,2023-11-26,Seattle,,737389240067,"Art Battle Seattle - November 25, 2023",2023-11-25,Seattle,197,HIGH,0.3,
AB2647,AB2647 – Chicago,2023-11-25,Chicago,,735918480987,"Art Battle Chicago - November 24, 2023",2023-11-24,Chicago,198,HIGH,0.3,
AB2621,AB2621 –Toronto,2023-11-22,Toronto,,715108537887,"Art Battle Toronto - November 21, 2023",2023-11-21,Toronto,198,HIGH,0.2,
AB2623,AB2623 – Quebec City,2023-11-19,Quebec City,,709046295557,"Art Battle Quebec City - 19 Novembre, 2023",2023-11-19,Quebec City,198,HIGH,0.2,
AB2607,AB2607 – Vancouver,2023-11-19,Vancouver,,706965040467,"Art Battle Vancouver - November 18, 2023",2023-11-18,Vancouver,197,HIGH,0.3,
AB2583,AB2583 – Omaha,2023-11-19,Omaha,,735030565207,"Art Battle Omaha - November 18, 2023",2023-11-18,Omaha,198,HIGH,0.3,
AB2633,AB2633 – Victoria,2023-11-18,Victoria,,734811008507,"Art Battle Victoria - November 17, 2023",2023-11-17,Victoria,197,HIGH,0.3,
AB2641,AB2641 – Pittsburgh,2023-11-17,Pittsburgh,,722290950677,"Art Battle Pittsburgh - November 16, 2023",2023-11-16,Pittsburgh,198,HIGH,0.2,
AB2644,AB2644 – Bangkok,2023-11-11,Bangkok,,722124713457,"Art Battle Bangkok - November 11, 2023",2023-11-11,Bangkok,200,HIGH,0.0,
AB2604,AB2604 – Wichita Falls,2023-11-11,Wichita Falls,,717536479927,"Art Battle Wichita Falls - November 10, 2023",2023-11-10,Wichita Falls,198,HIGH,0.3,
AB2653,AB2653 – Ottawa,2023-11-10,Ottawa,,739773140377,"Art Battle Ottawa - November 9, 2023",2023-11-09,Ottawa,198,HIGH,0.2,
AB2568,AB2568 – Pawtucket,2023-11-05,Pawtucket,,724267301997,"Art Battle Pawtucket - November 5, 2023",2023-11-05,Pawtucket,198,HIGH,0.2,
AB2600,AB2600 – Portland,2023-11-05,Portland,,727065641907,"Art Battle Portland - November 4, 2023",2023-11-04,Portland,197,HIGH,0.3,
AB2646,AB2646 – Sacramento,2023-11-05,Sacramento,,732968326997,"Art Battle Sacramento - November 4, 2023",2023-11-04,Sacramento,197,HIGH,0.3,
AB2601,AB2601 – New Orleans,2023-11-04,New Orleans,,724222688557,"Art Battle New Orleans - November 3, 2023",2023-11-03,New Orleans,198,HIGH,0.2,
AB2580,AB2580 – Auckland,2023-11-02,Auckland,,699860951947,"Art Battle Auckland - November 2, 2023",2023-11-02,Auckland,195,HIGH,0.5,
AB2556,AB2556 – Sydney,2023-10-30,Sydney,,716294896317,"Art Battle Sydney - October 30, 2023",2023-10-30,Sydney,196,HIGH,0.4,
AB2587,AB2587 – Seattle,2023-10-29,Seattle,,722252605987,"Art Battle Seattle - October 28, 2023",2023-10-28,Seattle,197,HIGH,0.3,
AB2501,AB2501 – Jackson,2023-10-28,Jackson,,682338311257,"Art Battle Jackson - October 28, 2023",2023-10-28,Jackson,200,HIGH,0.0,
AB2629,AB2629 – Saint John,2023-10-28,Saint John,,715129109417,"Art Battle Saint John - October 27, 2023",2023-10-27,Saint John,198,HIGH,0.3,
AB2613,AB2613 – Toronto,2023-10-25,Toronto,,714834407957,"Art Battle Toronto - October 24, 2023",2023-10-24,Toronto,198,HIGH,0.2,
AB2530,AB2530 – Dallas,2023-10-22,Dallas,,649225108777,"Art Battle Dallas - October 22, 2023",2023-10-22,Dallas,198,HIGH,0.2,
AB2603,AB2603 – Vancouver,2023-10-22,Vancouver,,706934900317,"Art Battle Vancouver - October 21, 2023",2023-10-21,Vancouver,197,HIGH,0.3,
AB2625,AB2625 – Victoria,2023-10-21,Victoria,,706914910527,"Art Battle Victoria - October 20, 2023",2023-10-20,Victoria,197,HIGH,0.3,
AB2535,AB2535 – North Bay,2023-10-20,North Bay,,714249528567,"Art Battle North Bay - October 20, 2023",2023-10-20,North Bay,198,HIGH,0.2,
AB2617,AB2617 – Quebec City,2023-10-15,Quebec City,,709042193287,"Art Battle Quebec City - 15 Octobre, 2023",2023-10-15,Quebec City,198,HIGH,0.2,
AB2612,AB2612 – Ottawa,2023-10-12,Ottawa,,705580549417,"Art Battle Ottawa - October 11, 2023",2023-10-11,Ottawa,198,HIGH,0.2,
AB2553,AB2553 – Portland,2023-10-08,Portland,,696331976687,"Art Battle Portland - October 7, 2023",2023-10-07,Portland,197,HIGH,0.3,
AB2624,AB2624 – Grand Rapids,2023-10-08,Grand Rapids,,709201971187,"Art Battle Grand Rapids - October 7, 2023",2023-10-07,Grand Rapids,198,HIGH,0.2,
AB2628,AB2628 – Brighton,2023-10-07,Brighton,,708910730077,"Art Battle Brighton - 7 October, 2023",2023-10-07,Brighton,200,HIGH,0.0,
AB2592,AB2592 – New Orleans,2023-10-07,New Orleans,,705478544317,"Art Battle New Orleans - October 6, 2023",2023-10-06,New Orleans,198,HIGH,0.2,
AB2564,AB2564 – Pawtucket,2023-10-01,Pawtucket,,667858923017,"Art Battle Pawtucket - October 1, 2023",2023-10-01,Pawtucket,198,HIGH,0.2,
AB2606,AB2606 – Bournemouth,2023-10-01,Bournemouth,,690449632437,"Art Battle Bournemouth - 1 October, 2023",2023-10-01,Bournemouth,200,HIGH,0.0,
AB2582,AB2582 – Seattle,2023-10-01,Seattle,,669635416557,"Art Battle Seattle - September 30, 2023",2023-09-30,Seattle,197,HIGH,0.3,
AB2609,AB2609 – London,2023-09-29,London,,699259563177,"Art Battle London - 29 September, 2023",2023-09-29,London,200,HIGH,0.0,
AB2525,AB2525 – San Francisco,2023-09-28,San Francisco,,607662002407,"Art Battle San Francisco - September 27, 2023",2023-09-27,San Francisco,197,HIGH,0.3,
AB2573,AB2573 – Toronto,2023-09-27,Toronto,,685124063517,"Art Battle Toronto - September 26, 2023",2023-09-26,Toronto,198,HIGH,0.2,
AB2550,AB2550 – Sydney,2023-09-25,Sydney,,699295701267,"Art Battle Sydney - September 25, 2023",2023-09-25,Sydney,196,HIGH,0.4,
AB2551,AB2551 – Austin,2023-09-24,Austin,,676023222657,"Art Battle Austin - September 23, 2023",2023-09-23,Austin,198,HIGH,0.2,
AB2593,AB2593 – Thunder Bay,2023-09-23,Thunder Bay,,688250123647,"Art Battle Thunder Bay - September 23, 2023",2023-09-23,Thunder Bay,198,HIGH,0.2,
AB2543,AB2543 – Las Vegas,2023-09-23,Las Vegas,,660717392507,"Art Battle Las Vegas - September 22, 2023",2023-09-22,Las Vegas,197,HIGH,0.3,
AB2586,AB2586 – Chicago,2023-09-23,Chicago,,699063286107,"Art Battle Chicago - September 22, 2023",2023-09-22,Chicago,198,HIGH,0.2,
AB2570,AB2570 – Auckland,2023-09-21,Auckland,,679696670037,"Art Battle Auckland - September 21, 2023",2023-09-21,Auckland,195,HIGH,0.5,
AB2572,AB2572 – Quebec City,2023-09-17,Quebec City,,641606782157,"Art Battle Quebec City - 17 Septembre, 2023",2023-09-17,Quebec City,198,HIGH,0.2,
AB2528,AB2528 – Dallas,2023-09-17,Dallas,,649204045777,"Art Battle Dallas - September 17, 2023",2023-09-17,Dallas,198,HIGH,0.2,
AB2599,AB2599 – Vancouver,2023-09-17,Vancouver,,695385676277,"Art Battle Vancouver - September 16, 2023",2023-09-16,Vancouver,197,HIGH,0.3,
AB2574,AB2574 – Omaha,2023-09-16,Omaha,,682344108597,"Art Battle Omaha - September 16, 2023",2023-09-16,Omaha,198,HIGH,0.2,
AB2554,AB2554 – Reno,2023-09-16,Reno,,682257800447,"Art Battle Reno - September 15, 2023",2023-09-15,Reno,197,HIGH,0.3,
AB2581,AB2581 – Phoenix,2023-09-16,Phoenix,,680472590837,"Art Battle Phoenix  - September 15, 2023",2023-09-15,Phoenix,198,HIGH,0.3,
AB2619,AB2619 – Victoria,2023-09-16,Victoria,,706901961797,"Art Battle Victoria - September 15, 2023",2023-09-15,Victoria,197,HIGH,0.3,
AB2608,AB2608 – Ottawa,2023-09-09,Ottawa,,694923162887,"Art Battle Ottawa - September 8, 2023",2023-09-08,Ottawa,198,HIGH,0.2,
AB2559,AB2559 – Pawtucket,2023-09-03,Pawtucket,,667852152767,"Art Battle Pawtucket - September 3, 2023",2023-09-03,Pawtucket,198,HIGH,0.2,
AB2589,AB2589 – New Orleans,2023-09-02,New Orleans,,677591834417,"Art Battle New Orleans - September 1, 2023",2023-09-01,New Orleans,198,HIGH,0.2,
AB2540,AB2540 – Sydney,2023-08-28,Sydney,,672514959347,"Art Battle Sydney - August 28, 2023",2023-08-28,Sydney,196,HIGH,0.4,
AB2527,AB2527 – Dallas,2023-08-27,Dallas,,637851118867,"Art Battle Dallas - August 27, 2023",2023-08-27,Dallas,198,HIGH,0.2,
AB2571,AB2571 – Seattle,2023-08-27,Seattle,,669599970537,"Art Battle Seattle - August 26, 2023",2023-08-26,Seattle,197,HIGH,0.3,
AB2579,AB2579 – Oakland,2023-08-26,Oakland,,670954562157,"Art Battle Oakland - August 26, 2023",2023-08-26,Oakland,197,HIGH,0.3,
AB2584,AB2584 – San Francisco,2023-08-26,San Francisco,,675489857347,"Art Battle San Francisco - August 25, 2023",2023-08-25,San Francisco,197,HIGH,0.3,
AB2577,AB2577 – Chicago,2023-08-26,Chicago,,675601852327,"Art Battle Chicago - August 25, 2023",2023-08-25,Chicago,198,HIGH,0.2,
AB2513,AB2513 – North Bay,2023-08-25,North Bay,,665728039487,"Art Battle North Bay - August 25, 2023",2023-08-25,North Bay,198,HIGH,0.2,
AB2565,AB2565 – Auckland,2023-08-10,Auckland,,649271908757,"Art Battle Auckland - August 10, 2023",2023-08-10,Auckland,195,HIGH,0.5,
AB2526,AB2526 – Pawtucket,2023-08-06,Pawtucket,,616740646877,"Art Battle Pawtucket - August 6, 2023",2023-08-06,Pawtucket,198,HIGH,0.2,
AB2511,AB2511 – Cancún,2023-08-05,Cancún,,613527937577,"Art Battle Cancún - 5 de Agosto, 2023",2023-08-05,Cancún,198,HIGH,0.2,
AB2536,AB2536 – Sydney,2023-07-31,Sydney,,651184218527,"Art Battle Sydney - July 31, 2023",2023-07-31,Sydney,196,HIGH,0.4,
AB2523,AB2523 – Dallas,2023-07-30,Dallas,,637843185137,"Art Battle Dallas - July 30, 2023",2023-07-30,Dallas,198,HIGH,0.2,
AB2542,AB2542 – Seattle,2023-07-23,Seattle,,653015365537,"Art Battle Seattle - July 22, 2023",2023-07-22,Seattle,197,HIGH,0.3,
AB2567,AB2567 – Omaha,2023-07-22,Omaha,,664032638497,"Art Battle Omaha - July 22, 2023",2023-07-22,Omaha,198,HIGH,0.2,
AB2488,AB2488 – Jackson,2023-07-22,Jackson,,645613696947,"Art Battle Jackson - July 21, 2023",2023-07-21,Jackson,198,HIGH,0.2,
AB2524,AB2524 – San Francisco,2023-07-20,San Francisco,,596088806667,"Art Battle San Francisco - July 19, 2023",2023-07-19,San Francisco,197,HIGH,0.3,
AB2575,AB2575 – Los Angeles,2023-07-16,Los Angeles,,642492782207,"Art Battle Los Angeles - July 15, 2023",2023-07-15,Los Angeles,197,HIGH,0.3,
AB2552,AB2552 – New Orleans,2023-07-15,New Orleans,,660673711857,"Art Battle New Orleans - July 14, 2023",2023-07-14,New Orleans,198,HIGH,0.2,
AB2507,AB2507 – North Bay,2023-07-02,North Bay,,615183960787,"Art Battle North Bay - July 2, 2023",2023-07-02,North Bay,198,HIGH,0.2,
AB2560,AB2560 – Auckland,2023-06-29,Auckland,,631099344127,"Art Battle Auckland - June 29, 2023",2023-06-29,Auckland,195,HIGH,0.5,
AB2534,AB2534 – Sydney,2023-06-26,Sydney,,634221342107,"Art Battle Sydney - June 26, 2023",2023-06-26,Sydney,196,HIGH,0.4,
AB2508,AB2508 – Reno,2023-06-24,Reno,,608620128187,"Art Battle Reno - June 23, 2023",2023-06-23,Reno,197,HIGH,0.3,
AB2475,AB2475 – Chicago,2023-06-24,Chicago,,580540691837,"Art Battle Chicago - June 23, 2023",2023-06-23,Chicago,198,HIGH,0.2,
AB2500,AB2500 – Wichita Falls,2023-06-23,Wichita Falls,,631859297167,"Art Battle Wichita Falls - June 23, 2023",2023-06-23,Wichita Falls,198,HIGH,0.2,
AB2510,AB2510 – San Francisco,2023-06-22,San Francisco,,596020913597,"Art Battle San Francisco - June 21, 2023",2023-06-21,San Francisco,197,HIGH,0.3,
AB2487,AB2487 – Brockville,2023-06-18,Brockville,,591897951707,"Art Battle Brockville - June 17, 2023",2023-06-17,Brockville,198,HIGH,0.2,
AB2539,AB2539 – New Orleans,2023-06-16,New Orleans,,637825502247,"Art Battle New Orleans - June 15, 2023",2023-06-15,New Orleans,198,HIGH,0.2,
AB2533,AB2533 – Seattle,2023-06-11,Seattle,,629566138267,"Art Battle Seattle - June 10, 2023",2023-06-10,Seattle,197,HIGH,0.3,
AB2537,AB2537 – Las Vegas,2023-06-10,Las Vegas,,635444159587,"Art Battle Las Vegas - June 9, 2023",2023-06-09,Las Vegas,197,HIGH,0.3,
AB2515,AB2515 – Pawtucket,2023-06-04,Pawtucket,,616421702907,"Art Battle Pawtucket - June 4, 2023",2023-06-04,Pawtucket,198,HIGH,0.2,
AB2456,AB2456 – Portland,2023-06-04,Portland,,577708159657,"Art Battle Portland - June 3, 2023",2023-06-03,Portland,197,HIGH,0.3,
AB2506,AB2506 – Cancún,2023-06-04,Cancún,,613497687097,"Art Battle Cancún - 3 de Junio, 2023",2023-06-03,Cancún,198,HIGH,0.3,
AB2413,AB2413 – Vancouver,2023-05-28,Vancouver,,622779218407,"Art Battle Vancouver - May 27, 2023",2023-05-27,Vancouver,197,HIGH,0.3,
AB2514,AB2514 – Pembroke,2023-05-28,Pembroke,,612434828057,"Art Battle Pembroke - May 27, 2023",2023-05-27,Pembroke,198,HIGH,0.2,
AB2461,AB2461 – Omaha,2023-05-27,Omaha,,591785746097,"Art Battle Omaha - May 27, 2023",2023-05-27,Omaha,198,HIGH,0.2,
AB2454,AB2454 – Squamish,2023-05-27,Squamish,,580888171157,"Art Battle Squamish - May 26, 2023",2023-05-26,Squamish,197,HIGH,0.3,
AB2498,AB2498 – Reno,2023-05-27,Reno,,608588493567,"Art Battle Reno - May 26, 2023",2023-05-26,Reno,197,HIGH,0.3,
AB2561,AB2561 – Ottawa,2023-05-26,Ottawa,,628886665947,"Art Battle Ottawa - May 25, 2023",2023-05-25,Ottawa,198,HIGH,0.2,
AB2457,AB2457 – Toronto,2023-05-24,Toronto,,613447035597,"Art Battle Toronto - May 23, 2023",2023-05-23,Toronto,198,HIGH,0.2,
AB2491,AB2491 – Quebec City,2023-05-21,Quebec City,,597274874227,"Art Battle Quebec City - 21 Mai, 2023",2023-05-21,Quebec City,198,HIGH,0.2,
AB2495,AB2495 – North Bay,2023-05-21,North Bay,,604037571637,"Art Battle North Bay - May 21, 2023",2023-05-21,North Bay,198,HIGH,0.2,
AB2480,AB2480 – Grand Rapids,2023-05-21,Grand Rapids,,580642406067,"Art Battle Grand Rapids - May 20, 2023",2023-05-20,Grand Rapids,198,HIGH,0.2,
AB2474,AB2474 – Chicago,2023-05-20,Chicago,,580449308507,"Art Battle Chicago - May 19, 2023",2023-05-19,Chicago,198,HIGH,0.2,
AB2412,AB2412 – Jackson,2023-05-20,Jackson,,591845394507,"Art Battle Jackson - May 19, 2023",2023-05-19,Jackson,198,HIGH,0.2,
AB2489,AB2489 – San Francisco,2023-05-18,San Francisco,,591862987127,"Art Battle San Francisco - May 17, 2023",2023-05-17,San Francisco,197,HIGH,0.3,
AB2503,AB2503 – Tacoma,2023-05-14,Tacoma,,612558307387,"Art Battle Tacoma - May 13, 2023",2023-05-13,Tacoma,197,HIGH,0.3,
AB2516,AB2516 – Las Vegas,2023-05-13,Las Vegas,,622769389007,"Art Battle Las Vegas - May 12, 2023",2023-05-12,Las Vegas,197,HIGH,0.3,
AB2411,AB2411 – Victoria,2023-05-13,Victoria,,616395193617,"Art Battle Victoria - May 12, 2023",2023-05-12,Victoria,197,HIGH,0.3,
AB2505,AB2505 – Brantford,2023-05-12,Brantford,,612572680377,"Art Battle Brantford - May 12, 2023",2023-05-12,Brantford,198,HIGH,0.2,
AB2485,AB2485 – Pawtucket,2023-05-07,Pawtucket,,580967267737,"Art Battle Pawtucket - May 7, 2023",2023-05-07,Pawtucket,198,HIGH,0.2,
AB2440,AB2440 – Portland,2023-05-07,Portland,,577701951087,"Art Battle Portland - May 6, 2023",2023-05-06,Portland,197,HIGH,0.3,
AB2401,AB2401 – Vancouver,2023-04-30,Vancouver,,549555624667,"Art Battle Vancouver - April 29, 2023",2023-04-29,Vancouver,197,HIGH,0.3,
AB2458,AB2458 – Fredericton,2023-04-29,Fredericton,,528472323947,"Art Battle Fredericton - April 29, 2023",2023-04-29,Fredericton,198,HIGH,0.2,
AB2469,AB2469 – London,2023-04-29,London,,550072821617,"Art Battle London - 29 April, 2023",2023-04-29,London,200,HIGH,0.0,
AB2486,AB2486 – Reno,2023-04-29,Reno,,574658096837,"Art Battle Reno - April 28, 2023",2023-04-28,Reno,197,HIGH,0.3,
AB2453,AB2453 – Saint John,2023-04-28,Saint John,,528485493337,"Art Battle Saint John - April 28, 2023",2023-04-28,Saint John,198,HIGH,0.2,
AB2448,AB2448 – Toronto,2023-04-26,Toronto,,549488082647,"Art Battle Toronto - April 25, 2023",2023-04-25,Toronto,198,HIGH,0.2,
AB2493,AB2493 – Halifax,2023-04-22,Halifax,,598065809937,"Art Battle Halifax - April 22, 2023",2023-04-22,Halifax,198,HIGH,0.2,
AB2473,AB2473 – Chicago,2023-04-22,Chicago,,578066270777,"Art Battle Chicago - April 21, 2023",2023-04-21,Chicago,198,HIGH,0.2,
AB2467,AB2467 – San Francisco,2023-04-21,San Francisco,,536596894757,"Art Battle San Francisco - April 20, 2023",2023-04-20,San Francisco,197,HIGH,0.3,
AB2496,AB2496 – Montréal,2023-04-20,Montréal,,604010791537,"Art Battle Montréal -  19 avril, 2023",2023-04-19,Montréal,198,HIGH,0.2,
AB2455,AB2455 – Quebec City,2023-04-16,Quebec City,,519905751097,"Art Battle Quebec City - 16 Avril, 2023",2023-04-16,Quebec City,198,HIGH,0.2,
AB2483,AB2483 – Las Vegas,2023-04-15,Las Vegas,,580870488267,"Art Battle Las Vegas - April 14, 2023",2023-04-14,Las Vegas,197,HIGH,0.3,
AB2400,AB2400 – Victoria,2023-04-15,Victoria,,546578419767,"Art Battle Victoria - April 14, 2023",2023-04-14,Victoria,197,HIGH,0.3,
AB2465,AB2465 – Pocatello,2023-04-09,Pocatello,,553393032457,"Art Battle Pocatello - April 8, 2023",2023-04-08,Pocatello,198,HIGH,0.3,
AB2451,AB2451 – Pawtucket,2023-04-02,Pawtucket,,524797442277,"Art Battle Pawtucket - April 2, 2023",2023-04-02,Pawtucket,198,HIGH,0.2,
AB2470,AB2470 – Edmonton,2023-04-02,Edmonton,,553886528517,"Art Battle Edmonton - April 1, 2023",2023-04-01,Edmonton,198,HIGH,0.3,
AB2471,AB2471 – Cancún,2023-04-01,Cancún,,554120157307,"Art Battle Cancún - 1 de Abril, 2023",2023-04-01,Cancún,198,HIGH,0.2,
AB2476,AB2476 – Reno,2023-04-01,Reno,,570091738737,"Art Battle Reno - March 31, 2023",2023-03-31,Reno,197,HIGH,0.3,
AB2477,AB2477-Ottawa,2023-03-31,Ottawa,,571055360957,"Art Battle Ottawa - March 30, 2023",2023-03-30,Ottawa,198,HIGH,0.2,
AB2393,AB2393 - Vancouver,2023-03-26,Vancouver,,549508323187,"Art Battle Vancouver - March 25, 2023",2023-03-25,Vancouver,197,HIGH,0.3,
AB2460,AB2460 - San Francisco,2023-03-23,San Francisco,,536574868877,"Art Battle San Francisco - March 22, 2023",2023-03-22,San Francisco,197,HIGH,0.3,
AB2445,AB2445  Quebec City,2023-03-19,Quebec City,,519853133717,"Art Battle Quebec City - 19 Mars, 2023",2023-03-19,Quebec City,198,HIGH,0.2,
AB2459,AB2459 - Dallas,2023-03-19,Dallas,,534045052127,"Art Battle Dallas - March 19, 2023",2023-03-19,Dallas,198,HIGH,0.2,
AB2391,AB2391 - Victoria,2023-03-11,Victoria,,546507999137,"Art Battle Victoria - March 10, 2023",2023-03-10,Victoria,197,HIGH,0.3,
AB2464,AB2464 - Las Vegas,2023-03-02,Las Vegas,,543386452507,"Art Battle Las Vegas - March 1, 2023",2023-03-01,Las Vegas,197,HIGH,0.3,
AB2384,AB2384 - Vancouver,2023-02-26,Vancouver,,471476748647,"Art Battle Vancouver - February 25, 2023",2023-02-25,Vancouver,197,HIGH,0.3,
AB2409,AB2409 - Brantford,2023-02-25,Brantford,,470203791197,"Art Battle Brantford - February 25, 2023",2023-02-25,Brantford,198,HIGH,0.2,
AB2405,AB2405 - Squamish,2023-02-25,Squamish,,475223816227,"Art Battle Squamish - February 24, 2023",2023-02-24,Squamish,197,HIGH,0.3,
AB2436,AB2436 - Chicago,2023-02-25,Chicago,,503511334957,"Art Battle Chicago - February 24, 2023",2023-02-24,Chicago,198,HIGH,0.3,
AB2425,AB2425 - Toronto,2023-02-22,Toronto,,481985992077,"Art Battle Toronto - February 21, 2023",2023-02-21,Toronto,198,HIGH,0.2,
AB2420,AB2420 - Quebec City,2023-02-19,Quebec City,,476639159557,"Art Battle Quebec City - 19 Février, 2023",2023-02-19,Quebec City,198,HIGH,0.2,
AB2402,AB2402 - Portland,2023-02-19,Portland,,457261249707,"Art Battle Portland - February 18, 2023",2023-02-18,Portland,196,HIGH,0.4,
AB2418,AB2418 - Grand Rapids,2023-02-19,Grand Rapids,,474816959307,"Art Battle Grand Rapids - February 18, 2023",2023-02-18,Grand Rapids,198,HIGH,0.2,
AB2407,AB2407 - London,2023-02-11,London,,465904772717,"Art Battle London - 11 February, 2023",2023-02-11,London,200,HIGH,0.0,
AB2381,AB2381 - Victoria,2023-02-11,Victoria,,481913033857,"Art Battle Victoria - February 10, 2023",2023-02-10,Victoria,196,HIGH,0.4,
ABI2444,ABI2444 - Pawtucket,2023-02-05,Pawtucket,,518054724627,"Art Battle Pawtucket - February 5, 2023",2023-02-05,Pawtucket,198,HIGH,0.2,
AB2430,AB2430 - Edmonton,2023-02-05,Edmonton,,489817054997,"Art Battle Edmonton - February 4, 2023",2023-02-04,Edmonton,197,HIGH,0.3,
AB2427,AB2427 - Omaha,2023-01-29,Omaha,,483885824527,"Art Battle Omaha - January 28, 2023",2023-01-28,Omaha,198,HIGH,0.3,
AB2416,AB2416 - Saint John,2023-01-28,Saint John,,474802686617,"Art Battle Saint John - January 28, 2023",2023-01-28,Saint John,198,HIGH,0.2,
AB2435,AB2435 - Chicago,2023-01-27,Chicago,,503420222437,"Art Battle Chicago - January 27, 2023",2023-01-27,Chicago,198,HIGH,0.2,
AB2423,AB2423 - Toronto,2023-01-25,Toronto,,481936193127,"Art Battle Toronto - January 24, 2023",2023-01-24,Toronto,198,HIGH,0.2,
AB2373,AB2373 - Vancouver,2023-01-22,Vancouver,,471451061817,"Art Battle Vancouver - January 21, 2023",2023-01-21,Vancouver,197,HIGH,0.3,
AB2399,AB2399 - Portland,2023-01-22,Portland,,453953235347,"Art Battle Portland - January 21, 2023",2023-01-21,Portland,197,HIGH,0.3,
AB2428,AB2428 - Ottawa,2023-01-22,Ottawa,,489717266527,"Art Battle Ottawa - January 21, 2023",2023-01-21,Ottawa,198,HIGH,0.2,
AB2374,AB2374 - Jackson,2023-01-22,Jackson,,483967498817,"Art Battle Jackson - January 21, 2023",2023-01-21,Jackson,198,HIGH,0.2,
AB2415,AB2415 - Halifax,2023-01-20,Halifax,,474784983667,"Art Battle Halifax - January 20, 2023",2023-01-20,Halifax,199,HIGH,0.1,
AB2426,AB2426 - San Francisco,2023-01-19,San Francisco,,483841040577,"Art Battle San Francisco - January 18, 2023",2023-01-18,San Francisco,197,HIGH,0.3,
AB2419,AB2419 - Quebec City,2023-01-15,Quebec City,,475232080947,"Art Battle Quebec City - 15 Janvier, 2023",2023-01-15,Quebec City,198,HIGH,0.2,
AB2403,AB2403 - Tacoma,2023-01-15,Tacoma,,457383746097,"Art Battle Tacoma - January 14, 2023",2023-01-14,Tacoma,196,HIGH,0.4,
AB2372,AB2372 - Phoenix,2023-01-14,Phoenix,,430062387177,"Art Battle Phoenix  - January 13, 2023",2023-01-13,Phoenix,197,HIGH,0.3,
AB2371,AB2371 - Victoria,2023-01-14,Victoria,,481870426417,"Art Battle Victoria - January 13, 2023",2023-01-13,Victoria,197,HIGH,0.3,
AB2376,AB2376 - Dallas,2023-01-08,Dallas,,427340465837,"Art Battle Dallas - January 8, 2023",2023-01-08,Dallas,198,HIGH,0.3,
AB2362,AB2362 - Toronto,2022-12-21,Toronto,,431831929927,"Art Battle Toronto - December 20, 2022",2022-12-20,Toronto,198,HIGH,0.2,
AB2361,AB2361 - Quebec City,2022-12-18,Quebec City,,431676414777,"Art Battle Quebec City - 18 Decembre, 2022",2022-12-18,Quebec City,198,HIGH,0.3,
AB2377,AB2377 - Pawtucket,2022-12-17,Pawtucket,,430302605677,"Art Battle Pawtucket - December 18, 2022",2022-12-18,Pawtucket,193,HIGH,0.8,
AB2390,AB2390 - Ottawa,2022-12-09,Ottawa,,453438365357,"Art Battle Ottawa - December 8, 2022",2022-12-08,Ottawa,198,HIGH,0.2,
AB2389,AB2389 - San Francisco,2022-12-08,San Francisco,,453348877697,"Art Battle San Francisco - December 7, 2022",2022-12-07,San Francisco,197,HIGH,0.3,
AB2360,AB2360 - Boston,2022-12-05,Boston,,453329971147,"Art Battle Boston - December 5, 2022",2022-12-05,Boston,198,HIGH,0.2,
AB2378,AB2378 - Oakland,2022-12-04,Oakland,,430187360977,"Art Battle Oakland - December 3, 2022",2022-12-03,Oakland,196,HIGH,0.4,
AB2406,AB2406 - Miami,2022-12-02,Miami,,463871160127,"Art Battle Miami - December 1, 2022",2022-12-01,Miami,198,HIGH,0.3,
AB2357,AB2357 - Vancouver,2022-11-27,Vancouver,,439077912857,"Art Battle Vancouver - November 26, 2022",2022-11-26,Vancouver,197,HIGH,0.3,
AB2355,AB2355 - Omaha,2022-11-27,Omaha,,397217477167,"Art Battle Omaha - November 26, 2022",2022-11-26,Omaha,198,HIGH,0.3,
AB2379,AB2379 - Squamish,2022-11-26,Squamish,,430305163327,"Art Battle Squamish - November 25, 2022",2022-11-25,Squamish,197,HIGH,0.3,
AB2385,AB2385 - Chicago,2022-11-26,Chicago,,439026137997,"Art Battle Chicago - November 25, 2022",2022-11-25,Chicago,198,HIGH,0.3,
AB2397,AB2397 - Fredericton,2022-11-26,Fredericton,,453898100437,"Art Battle Fredericton - November 25, 2022",2022-11-25,Fredericton,198,HIGH,0.2,
AB2352,AB2352 - Toronto,2022-11-24,Toronto,,431741609777,"Art Battle Toronto - November 23, 2022",2022-11-23,Toronto,198,HIGH,0.2,
AB2353,AB2353 - Quebec City,2022-11-20,Quebec City,,431139548997,"Art Battle Quebec City - 20 Novembre, 2022",2022-11-20,Quebec City,198,HIGH,0.2,
AB2366,AB2366 - Dallas,2022-11-20,Dallas,,427274749277,"Art Battle Dallas - November 20, 2022",2022-11-20,Dallas,198,HIGH,0.3,
AB2367,AB2367 - Edmonton,2022-11-20,Edmonton,,427987360717,"Art Battle Edmonton - November 19, 2022",2022-11-19,Edmonton,197,HIGH,0.3,
AB2388,AB2388 - Grand Rapids,2022-11-20,Grand Rapids,,440472885257,"Art Battle Grand Rapids - November 19, 2022",2022-11-19,Grand Rapids,198,HIGH,0.2,
AB2365,AB2365 - Jackson,2022-11-19,Jackson,,408863691307,"Art Battle Jackson - November 18, 2022",2022-11-18,Jackson,198,HIGH,0.2,
AB2380,AB2380 - Hamilton,2022-11-19,Hamilton,,431879953567,"Art Battle Hamilton - November 18, 2022",2022-11-18,Hamilton,198,HIGH,0.2,
AB2375,AB2375 - Pawtucket,2022-11-16,Pawtucket,,430202777087,"Art Battle Pawtucket - November 16, 2022",2022-11-16,Pawtucket,198,HIGH,0.2,
AB2354,AB2354 - Victoria,2022-11-13,Victoria,,439044482867,"Art Battle Victoria - November 12, 2022",2022-11-12,Victoria,196,HIGH,0.4,
AB2364,AB2364 - Wichita Falls,2022-11-13,Wichita Falls,,415443040317,"Art Battle Wichita Falls - November 12, 2022",2022-11-12,Wichita Falls,198,HIGH,0.3,
AB2382,AB2382 - Brantford,2022-11-13,Brantford,,432830807597,"Art Battle Brantford - November 12, 2022",2022-11-12,Brantford,198,HIGH,0.3,
AB2369,AB2369 - Phoenix,2022-11-12,Phoenix,,430035145697,"Art Battle Phoenix  - November 11, 2022",2022-11-11,Phoenix,197,HIGH,0.3,
AB2351,AB2351 - Boston,2022-11-07,Boston,,416194848997,"Art Battle Boston - November 7, 2022",2022-11-07,Boston,193,HIGH,0.8,
AB2387,AB2387 - Ottawa,2022-11-06,Ottawa,,440451049947,"Art Battle Ottawa - November 5, 2022",2022-11-05,Ottawa,198,HIGH,0.2,
AB2386,AB2386 - Halifax,2022-11-05,Halifax,,437349432927,"Art Battle Halifax - November 4, 2022",2022-11-04,Halifax,198,HIGH,0.2,
AB2343,AB2343 - San Francisco,2022-10-27,San Francisco,,396652898497,"Art Battle San Francisco - October 26, 2022",2022-10-26,San Francisco,197,HIGH,0.3,
AB2344,AB2344 - Toronto,2022-10-26,Toronto,,416109583967,"Art Battle Toronto - October 25, 2022",2022-10-25,Toronto,198,HIGH,0.2,
AB2347,AB2347 - Vancouver,2022-10-23,Vancouver,,416085331427,"Art Battle Vancouver - October 22, 2022",2022-10-22,Vancouver,197,HIGH,0.3,
AB2341,AB2341 - Daytona Beach,2022-10-23,Daytona Beach,,367668786237,"Art Battle Daytona Beach  - October 22, 2022",2022-10-22,Daytona Beach,197,HIGH,0.3,
AB2383,AB2383 - Chicago,2022-10-22,Chicago,,436443222427,"Art Battle Chicago - October 21, 2022",2022-10-21,Chicago,198,HIGH,0.2,
AB2339,AB2339 - Quebec City,2022-10-16,Quebec City,,415538124717,"Art Battle Quebec City - 16 Octobre, 2022",2022-10-16,Quebec City,198,HIGH,0.3,
AB2345,AB2345 - Victoria,2022-10-15,Victoria,,413015338997,"Art Battle Victoria - October 14, 2022",2022-10-14,Victoria,197,HIGH,0.3,
AB2326,AB2326 - Pawtucket,2022-10-13,Pawtucket,,393140342347,"Art Battle Pawtucket - October 13, 2022",2022-10-13,Pawtucket,198,HIGH,0.2,
AB2340,AB2340 - Pocatello,2022-10-09,Pocatello,,367698003627,"Art Battle Pocatello - October 8, 2022",2022-10-08,Pocatello,198,HIGH,0.3,
AB2342,AB2342 - Boston,2022-10-04,Boston,,401338312697,"Art Battle Boston - October 3, 2022",2022-10-03,Boston,198,HIGH,0.3,
AB2348,AB2348 - Oakland,2022-10-02,Oakland,,399086698057,"Art Battle Oakland - October 1, 2022",2022-10-01,Oakland,197,HIGH,0.3,
AB2358,AB2358 - Ottawa,2022-10-01,Ottawa,,400249897217,"Art Battle Ottawa - September 30, 2022",2022-09-30,Ottawa,198,HIGH,0.2,
AB2335,AB2335 - San Francisco,2022-09-29,San Francisco,,396628696107,"Art Battle San Francisco - September 28, 2022",2022-09-28,San Francisco,197,HIGH,0.3,
AB2328,AB2328 - Toronto,2022-09-28,Toronto,,393206781067,"Art Battle Toronto - September 27, 2022",2022-09-27,Toronto,198,HIGH,0.2,
AB2333,AB2333 - Chicago,2022-09-24,Chicago,,393244905097,"Art Battle Chicago - September 23, 2022",2022-09-23,Chicago,198,HIGH,0.3,
AB2336,AB2336 - Quebec City,2022-09-18,Quebec City,,396740209647,"Art Battle Quebec City - 18 Septembre, 2022",2022-09-18,Quebec City,198,HIGH,0.3,
AB2329,AB2329 - Vancouver,2022-09-18,Vancouver,,396714231947,"Art Battle Vancouver - September 17, 2022",2022-09-17,Vancouver,197,HIGH,0.3,
AB2346,AB2346 - Omaha,2022-09-18,Omaha,,397153415557,"Art Battle Omaha - September 17, 2022",2022-09-17,Omaha,198,HIGH,0.3,
AB2337,AB2337 - Edmonton,2022-09-11,Edmonton,,385109110717,"Art Battle Edmonton - September 10, 2022",2022-09-10,Edmonton,198,HIGH,0.3,
AB2320,AB2320 - Pawtucket,2022-09-10,Pawtucket,,391948246757,"Art Battle Pawtucket - September 10, 2022",2022-09-10,Pawtucket,198,HIGH,0.3,
AB2327,AB2327 - Victoria,2022-09-10,Victoria,,396687281337,"Art Battle Victoria - September 9, 2022",2022-09-09,Victoria,197,HIGH,0.3,
AB5515,AB5515 - Victoria,2022-09-10,Victoria,,396687281337,"Art Battle Victoria - September 9, 2022",2022-09-09,Victoria,197,HIGH,0.3,
AB2330,AB2330 - London,2022-09-03,London,,337446259847,"Art Battle London - 3 September, 2022",2022-09-03,London,200,HIGH,0.0,
AB2332,AB2332 - Boston,2022-09-03,Boston,,372799823307,"Art Battle Boston - September 2, 2022",2022-09-02,Boston,198,HIGH,0.3,
AB2319,AB2319 - Chicago,2022-08-27,Chicago,,380494097087,"Art Battle Chicago - August 26, 2022",2022-08-26,Chicago,198,HIGH,0.3,
AB2324,AB2324 - Quebec City,2022-08-21,Quebec City,,385795513767,"Art Battle Quebec City - 21 Août, 2022",2022-08-21,Quebec City,198,HIGH,0.3,
AB2322,AB2322 - Wichita Falls,2022-08-21,Wichita Falls,,380457036237,"Art Battle Wichita Falls - August 20, 2022",2022-08-20,Wichita Falls,198,HIGH,0.3,
AB2323,AB2323 - Seattle,2022-08-20,Seattle,,381151192477,"Art Battle Seattle - August 19, 2022",2022-08-19,Seattle,197,HIGH,0.3,
AB2325,AB2325 - Hamilton,2022-08-14,Hamilton,,387597593837,"Art Battle Hamilton - August 14, 2022",2022-08-14,Hamilton,198,HIGH,0.2,
AB2321,AB2321 - San Francisco,2022-07-28,San Francisco,,380427347437,"Art Battle San Francisco - July 27, 2022",2022-07-27,San Francisco,197,HIGH,0.3,
AB2317,AB2317 - Omaha,2022-07-23,Omaha,,356674201137,"Art Battle Omaha - July 23, 2022",2022-07-23,Omaha,198,HIGH,0.2,
AB2301,AB2301 - Pawtucket,2022-07-21,Pawtucket,,330804143097,"Art Battle Pawtucket - July 21, 2022",2022-07-21,Pawtucket,198,HIGH,0.3,
AB2308,AB2308 - Quebec City,2022-07-18,Quebec City,,354666034657,"Art Battle Quebec City - 17 Juillet, 2022",2022-07-17,Quebec City,198,HIGH,0.3,
AB2310,AB2310 - Tacoma,2022-07-16,Tacoma,,330786018887,"Art Battle Tacoma - July 15, 2022",2022-07-15,Tacoma,197,HIGH,0.3,
AB5575,AB5575 - Chicago,2022-07-16,Chicago,,368558457267,"Art Battle Chicago - July 15, 2022",2022-07-15,Chicago,198,HIGH,0.2,
AB2312,AB2312 - Seattle,2022-07-10,Seattle,,339039204387,"Art Battle Seattle - July 9, 2022",2022-07-09,Seattle,197,HIGH,0.3,
AB2306,AB2306 - Oakland,2022-07-10,Oakland,,344849944467,"Art Battle Oakland - July 9, 2022",2022-07-09,Oakland,197,HIGH,0.3,
A2305,AB2305 - San Francisco,2022-06-23,San Francisco,,344842171217,"Art Battle San Francisco - June 22, 2022",2022-06-22,San Francisco,197,HIGH,0.3,
AB2304,AB2304 - Seattle,2022-06-12,Seattle,,338646670307,"Art Battle Seattle - June 11, 2022",2022-06-11,Seattle,197,HIGH,0.3,
AB2287,AB2287 - Vancouver,2022-05-29,Vancouver,,317085660747,"Art Battle Vancouver - May 28, 2022",2022-05-28,Vancouver,197,HIGH,0.3,
AB2296,AB2296 - Omaha,2022-05-29,Omaha,,323399706227,"Art Battle Omaha - May 28, 2022",2022-05-28,Omaha,198,HIGH,0.3,
ABKUMAR2029,ABKUMAR2029,2022-05-28,Chicago,,328336963697,"Art Battle Chicago - May 27, 2022",2022-05-27,Chicago,191,HIGH,0.9,
AB2290,AB2290 - Chicago,2022-05-28,Chicago,,328336963697,"Art Battle Chicago - May 27, 2022",2022-05-27,Chicago,198,HIGH,0.3,
AB2314,AB2314 - San Francisco,2022-05-26,San Francisco,,300380745897,"Art Battle San Francisco  - May 25, 2022",2022-05-25,San Francisco,197,HIGH,0.3,
AB2281,AB2281 - Tacoma,2022-05-21,Tacoma,,305903464497,"Art Battle Tacoma - May 20, 2022",2022-05-20,Tacoma,197,HIGH,0.3,
AB2274,AB2274 - Oakland,2022-05-15,Oakland,,300085161797,"Art Battle Oakland - May 14, 2022",2022-05-14,Oakland,197,HIGH,0.3,
AB2285,AB2285 - Victoria,2022-05-14,Victoria,,314732351937,"Art Battle Victoria - May 13, 2022",2022-05-13,Victoria,197,HIGH,0.3,
AB2268,AB2268 - London,2022-05-07,London,,291037309427,"Art Battle London - 7 May, 2022",2022-05-07,London,200,HIGH,0.0,
AB2288,AB2288 - Squamish,2022-05-07,Squamish,,314961376957,"Art Battle Squamish - May 6, 2022",2022-05-06,Squamish,197,HIGH,0.3,
AB2284,AB2284 - Daytona,2022-05-07,Daytona Beach,,319759147217,"Art Battle Daytona Beach  - May 6, 2022",2022-05-06,Daytona Beach,197,HIGH,0.3,
AB2278,AB2278 - Fredericton,2022-04-29,Fredericton,,302283938397,"Art Battle Fredericton - April 29, 2022",2022-04-29,Fredericton,199,HIGH,0.1,
AB2277,AB2277 - Vancouver,2022-04-24,Vancouver,,310196795967,"Art Battle Vancouver - April 23, 2022",2022-04-23,Vancouver,197,HIGH,0.3,
AB2279,AB2279 - Chicago,2022-04-23,Chicago,,301787814477,"Art Battle Chicago - April 22, 2022",2022-04-22,Chicago,198,HIGH,0.2,
AB2276,AB2276 - Toronto,2022-04-20,Toronto,,310225953177,"Art Battle Toronto - April 19, 2022",2022-04-19,Toronto,198,HIGH,0.2,
AB2263,AB2263 - Amsterdam,2022-04-10,Amsterdam,,269128379227,"Art Battle Amsterdam - 10 April, 2022",2022-04-10,Amsterdam,200,HIGH,0.0,
AB2275,AB2275 - Victoria,2022-04-09,Victoria,,298768142557,"Art Battle Victoria - April 8, 2022",2022-04-08,Victoria,197,HIGH,0.3,
AB2273,AB2273 - Halifax,2022-04-08,Halifax,,298699547387,"Art Battle Halifax - April 8, 2022",2022-04-08,Halifax,198,HIGH,0.2,
AB2267,AB2267 - Vancouver,2022-03-27,Vancouver,,277695513757,"Art Battle Vancouver - March 26, 2022",2022-03-26,Vancouver,197,HIGH,0.3,
AB2254,AB2254 - Victoria,2022-03-12,Victoria,,243301079077,"Art Battle Victoria - March 11, 2022",2022-03-11,Victoria,196,HIGH,0.4,
AB2260,AB2260 - London,2022-03-05,London,,229161246457,"Art Battle London - 4 March, 2022",2022-03-04,London,197,HIGH,0.3,
AB2235,AB2235 - Vancouver,2022-02-27,Vancouver,,221611685517,"Art Battle Vancouver - February 26, 2022",2022-02-26,Vancouver,197,HIGH,0.3,
AB2228,AB2228 - Toronto,2022-02-23,Toronto,,216056259087,"Art Battle Toronto - February 22, 2022",2022-02-22,Toronto,198,HIGH,0.2,
AB2251,AB2251 - Chicago ,2022-02-19,Chicago,,250420794337,"Art Battle Chicago - February 18, 2022",2022-02-18,Chicago,198,HIGH,0.3,
AB2234,AB2234 - Oakland,2022-02-13,Oakland,,216762742197,"Art Battle Oakland - February 12, 2022",2022-02-12,Oakland,196,HIGH,0.4,
AB2225,AB2225 - Tacoma,2022-02-12,Tacoma,,224985727367,"Art Battle Tacoma - February 11, 2022",2022-02-11,Tacoma,197,HIGH,0.3,
AB2230,AB2230 - Boston,2022-02-07,Boston,,220433140457,"Art Battle Boston - February 7, 2022",2022-02-07,Boston,198,HIGH,0.2,
AB2231,AB2231 - Seattle ,2022-02-05,Seattle,,239452247117,"Art Battle Seattle  - February 4, 2022",2022-02-04,Seattle,197,HIGH,0.3,
AB2249,AB2249 - Dallas,2022-01-29,Dallas,,230616308587,"Art Battle Dallas - January 29, 2022",2022-01-29,Dallas,197,HIGH,0.3,
AB2246,AB2246 - San Francisco,2022-01-27,San Francisco,,227378012757,"Art Battle San Francisco - January 26, 2022",2022-01-26,San Francisco,197,HIGH,0.3,
AB2211,AB2211 - Grand Rapids,2022-01-27,Grand Rapids,,171550320627,"Art Battle Grand Rapids - January 26, 2022",2022-01-26,Grand Rapids,198,HIGH,0.2,
AB2248,AB2248 - Phoenix,2022-01-24,Phoenix,,229109301087,"Art Battle Phoenix  - January 23, 2022",2022-01-23,Phoenix,197,HIGH,0.3,
AB2244,AB2244 - Chicago,2022-01-22,Chicago,,226757386447,"Art Battle Chicago - January 21, 2022",2022-01-21,Chicago,198,HIGH,0.3,
AB2237,AB2237 - Victoria,2022-01-08,Victoria,,227413980337,"Art Battle Victoria - January 7, 2022",2022-01-07,Victoria,197,HIGH,0.3,
AB2227,AB2227 - Seattle ,2022-01-07,Seattle,,220284515917,"Art Battle Seattle  - January 6, 2022",2022-01-06,Seattle,197,HIGH,0.3,
AB2212,AB2212 - Tacoma,2021-12-10,Tacoma,,186332855587,"Art Battle Tacoma - December 9, 2021",2021-12-09,Tacoma,197,HIGH,0.3,
AB2232,AB2232 - San Francisco,2021-12-09,San Francisco,,215112325757,"Art Battle San Francisco - December 8, 2021",2021-12-08,San Francisco,197,HIGH,0.3,
AB2220,AB2220 Bristol,2021-12-04,Bristol,,99424818308,"Art Battle Bristol - 4 December, 2021",2021-12-04,Bristol,199,HIGH,0.1,
AB2226,AB2226 - Seattle,2021-12-03,Seattle,,203510905597,"Art Battle Seattle  - December 2, 2021",2021-12-02,Seattle,196,HIGH,0.4,
AB2221,AB2221 - Toronto,2021-11-24,Toronto,,198764248217,"Art Battle Toronto - November 23, 2021",2021-11-23,Toronto,198,HIGH,0.2,
AB2216,AB2216 - Oakland,2021-11-21,Oakland,,180455716907,"Art Battle Oakland - November 20, 2021",2021-11-20,Oakland,197,HIGH,0.3,
AB2222,AB2222 - Vancouver,2021-11-19,Vancouver,,198720728047,"Art Battle Vancouver - November 18, 2021",2021-11-18,Vancouver,197,HIGH,0.3,
AB2208,AB2208 - London UK,2021-11-18,London,,168362557943,"Art Battle London - 18 November, 2021",2021-11-18,London,200,HIGH,0.0,
AB2217,AB2217 - Wichita Falls,2021-11-14,Wichita Falls,,165160107327,"Art Battle Wichita Falls - November 13, 2021",2021-11-13,Wichita Falls,197,HIGH,0.3,
AB2218,AB2218 - Chicago ,2021-11-13,Chicago,,186253969637,"Art Battle Chicago - November 12, 2021",2021-11-12,Chicago,198,HIGH,0.3,
AB2209,AB2209 - Seattle,2021-11-06,Seattle,,182913819157,"Art Battle Seattle  - November 5, 2021",2021-11-05,Seattle,197,HIGH,0.3,
AB2215,AB2215 - Toronto,2021-10-27,Toronto,,180482196107,"Art Battle Toronto - October 26, 2021",2021-10-26,Toronto,198,HIGH,0.2,
AB2214,AB2214 - Vancouver,2021-10-22,Vancouver,,180621532867,"Art Battle Vancouver - October 21, 2021",2021-10-21,Vancouver,197,HIGH,0.3,
AB2207,AB2207 - San Francisco,2021-10-21,San Francisco,,168182623755,"Art Battle San Francisco - October 20, 2021",2021-10-20,San Francisco,197,HIGH,0.3,
AB2210,AB2210 - Pocatello,2021-10-10,Pocatello,,169210006685,"Art Battle Pocatello - October 9, 2021",2021-10-09,Pocatello,198,HIGH,0.3,
AB2202,AB2202 - Tacoma,2021-10-08,Tacoma,,90865381803,"Art Battle Tacoma - October 7, 2021",2021-10-07,Tacoma,197,HIGH,0.3,
AB2205,A2205 - Seattle ,2021-10-02,Seattle,,168471082543,"Art Battle Seattle  - October 1, 2021",2021-10-01,Seattle,197,HIGH,0.3,
AB2206,AB2206 - Oakland,2021-09-19,Oakland,,167767526187,"Art Battle Oakland - September 18, 2021",2021-09-18,Oakland,197,HIGH,0.3,
AB2201,AB2201 - Seattle,2021-08-28,Seattle,,160714295785,"Art Battle Seattle  - August 27, 2021",2021-08-27,Seattle,197,HIGH,0.3,
AB2203,AB2203 - San Francisco,2021-08-19,San Francisco,,164546315459,"Art Battle San Francisco - August 18, 2021",2021-08-18,San Francisco,197,HIGH,0.3,
AB2200,AB2200 - San Francisco,2021-07-22,San Francisco,,154469988895,"Art Battle San Francisco - July 21, 2021",2021-07-21,San Francisco,197,HIGH,0.3,
AB2047,AB2047 - Kelowna,2020-03-09,Kelowna,,90269006027,"Art Battle Kelowna - March 8, 2020",2020-03-08,Kelowna,197,HIGH,0.3,
AB2052,AB2052 - Boston,2020-03-03,Boston,,92166393163,"Art Battle Boston - March 2, 2020",2020-03-02,Boston,198,HIGH,0.2,
AB2031,AB2031 - Campbell River,2020-03-01,Campbell River,,85211109723,"Art Battle Campbell River - February 29, 2020",2020-02-29,Campbell River,197,HIGH,0.3,
AB2029,AB2029 - Vancouver,2020-03-01,Vancouver,,84688498579,"Art Battle Vancouver - February 29, 2020",2020-02-29,Vancouver,197,HIGH,0.3,
AB2043,AB2043 - Toronto - Leap Year!,2020-03-01,Toronto,,85872138879,"Art Battle Toronto - February 29, 2020",2020-02-29,Toronto,198,HIGH,0.2,
AB2081,AB2081 - Amsterdam,2020-02-23,Amsterdam,,92272259813,"Art Battle Amsterdam - 23 February, 2020",2020-02-23,Amsterdam,200,HIGH,0.0,
AB2022,AB2022 - Guadalajara,2020-02-23,Guadalajara,,84100820819,"Art Battle Guadalajara - 22 de febrero, 2020",2020-02-22,Guadalajara,198,HIGH,0.3,
AB2033,AB2033 - Fort Erie,2020-02-23,Fort Erie,,87759094815,"Art Battle Fort Erie - February 22, 2020",2020-02-22,Fort Erie,198,HIGH,0.2,
AB2035,AB2035 - Tacoma,2020-02-22,Tacoma,,89327459837,"Art Battle Tacoma - February 21, 2020",2020-02-21,Tacoma,197,HIGH,0.3,
AB2051,AB2051 - Brantford,2020-02-22,Brantford,,91090210271,"Art Battle Brantford - February 21, 2020",2020-02-21,Brantford,198,HIGH,0.3,
AB2058,AB2058 - Ottawa,2020-02-22,Ottawa,,91408965677,"Art Battle Ottawa - February 21, 2020",2020-02-21,Ottawa,198,HIGH,0.2,
AB2064,AB2064 - Mississauga,2020-02-21,Mississauga,,88559743577,"Art Battle Mississauga - February 20, 2020",2020-02-20,Mississauga,198,HIGH,0.2,
AB2032,AB2032 - London,2020-02-20,London,,87589172573,"Art Battle London - February 19, 2020",2020-02-19,London,198,HIGH,0.2,
AB2021,AB2021 - Monterey,2020-02-16,Monterey,,85189607409,"Art Battle Monterey - February 15, 2020",2020-02-15,Monterey,197,HIGH,0.3,
AB2765,AB2765–San Francisco: Superfine Edition!,2024-03-23,San Francisco,,784540089527,"Art Battle San Francisco - March 20 , 2024",2024-03-20,San Francisco,178,MEDIUM,2.3,
AB2585,AB2585 – Sudbury,2023-10-01,,,690449632437,"Art Battle Bournemouth - 1 October, 2023",2023-10-01,Bournemouth,150,MEDIUM,0.0,
AB2494,AB2494 – Ottawa,2023-04-26,Ottawa,,600730660577,"Art Battle Ottawa - April 27, 2023",2023-04-27,Ottawa,182,MEDIUM,1.8,
ABKUMAR2060,ABKUMAR2060 - Tiny Bid,2023-02-16,Toronto,,481985992077,"Art Battle Toronto - February 21, 2023",2023-02-21,Toronto,150,MEDIUM,5.0,
AB2044,ABKUMAR2044 - Miami,2022-11-29,Miami,,463871160127,"Art Battle Miami - December 1, 2022",2022-12-01,Miami,174,MEDIUM,2.6,
AB2350,AB2350 - London City Championship,2022-11-12,London,,413150563457,"Art Battle London City Championship - 12 November, 2022",2022-11-12,London City Championship,150,MEDIUM,0.0,
ABT003,ABT003 - ABHQ Pineapple Auction,2020-03-02,Toronto,,85872138879,"Art Battle Toronto - February 29, 2020",2020-02-29,Toronto,180,MEDIUM,2.0,
AB1985,AB1985 - Bristol,2020-02-06,,,87399238475,"Art Battle Atlanta - February 6, 2020",2020-02-06,Atlanta,150,MEDIUM,0.0,
AB1955,AB1955 - Bristol,2019-11-21,,,71600251279,"Art Battle Bristol - 21 November, 2019",2019-11-21,Bristol,150,MEDIUM,0.0,
ABRSU19,Ryerson Welcome,2019-09-05,,,65852463491,"Art Battle Bristol - 5 September, 2019",2019-09-05,Bristol,150,MEDIUM,0.0,
AB1790,AB1790 - Dallas,2019-08-31,,,65887408011,"Art Battle Phoenix - August 31, 2019",2019-08-31,Phoenix,150,MEDIUM,0.0,
ABOSL19,ABOSL19 - Outside Lands w Culture Republick,2019-08-09,,,65493957189,"Art Battle Victoria - August 9, 2019",2019-08-09,Victoria,150,MEDIUM,0.0,